"CANADIAN DOLLAR - CHICAGO MERCANTILE EXCHANGE",220503,2022-05-03,090741,CME ,00,090 ,  152779,    9050,   45599,     307,   37533,   33599,    6237,   37521,   29209,    9137,   20901,     528,       0,  120686,  124616,   32093,   28163,   -2583,    3565,  -23432,       0,   -2652,   15211,     341,   -3397,     892,     282,     767,     -58,    -714,   -1808,   -7478,    -775,    4895,  100.0,    5.9,   29.8,    0.2,   24.6,   22.0,    4.1,   24.6,   19.1,    6.0,   13.7,    0.3,    0.0,   79.0,   81.6,   21.0,   18.4,    109,      7,      8,.,     17,     17,      7,     23,     22,     17,     13,.,      0,     71,     65,    18.1,    28.1,    29.9,    40.4,    18.0,    28.1,    28.6,    39.6,"(CONTRACTS OF CAD 100,000)","090741","CME ","090 ","F10","FutOnly"
"SWISS FRANC - CHICAGO MERCANTILE EXCHANGE",220503,2022-05-03,092741,CME ,00,092 ,   49385,   31234,       0,      30,    4714,   13633,    1063,    4769,   10449,     178,       0,       0,       0,   41988,   25353,    7397,   24032,    2088,    3393,       0,      -1,    1027,   -1887,      16,    -204,    2312,     147,       0,       0,       0,    4378,     587,   -2290,    1501,  100.0,   63.2,    0.0,    0.1,    9.5,   27.6,    2.2,    9.7,   21.2,    0.4,    0.0,    0.0,    0.0,   85.0,   51.3,   15.0,   48.7,     47,      8,      0,.,      5,     13,.,      6,     15,.,      0,      0,      0,     23,     31,    53.8,    13.0,    68.6,    22.5,    53.7,    13.0,    68.5,    22.5,"(CONTRACTS OF CHF 125,000)","092741","CME ","092 ","F10","FutOnly"
"BRITISH POUND - CHICAGO MERCANTILE EXCHANGE",220503,2022-05-03,096742,CME ,00,096 ,  268496,  132467,   29416,    4188,   33910,  133590,    2501,   64400,   50903,    6119,    4321,    5976,       0,  247906,  232693,   20590,   35803,   -4296,   -2827,   -1015,     643,     631,     819,     333,   -4138,   -2212,     904,     351,    -498,       0,   -4103,   -1026,    -193,   -3270,  100.0,   49.3,   11.0,    1.6,   12.6,   49.8,    0.9,   24.0,   19.0,    2.3,    1.6,    2.2,    0.0,   92.3,   86.7,    7.7,   13.3,    137,     10,      4,      5,     12,     40,     13,     22,     40,     14,      5,      4,      0,     64,    105,    51.9,    27.4,    66.9,    37.8,    50.7,    27.4,    65.6,    37.7,"(CONTRACTS OF GBP 62,500)","096742","CME ","096 ","F10","FutOnly"
"JAPANESE YEN - CHICAGO MERCANTILE EXCHANGE",220503,2022-05-03,097741,CME ,00,097 ,  254813,  160260,    7984,     498,   43044,  108527,    6575,   23023,   89696,    2307,    1099,    1749,       0,  236806,  217336,   18007,   37477,   16818,    9686,    1605,      -4,    4215,     -36,    1654,    2559,   14298,     308,     -19,     490,       0,   18399,   18315,   -1581,   -1497,  100.0,   62.9,    3.1,    0.2,   16.9,   42.6,    2.6,    9.0,   35.2,    0.9,    0.4,    0.7,    0.0,   92.9,   85.3,    7.1,   14.7,    137,     11,      4,.,     17,     33,     13,     17,     47,     14,.,      6,      0,     66,    100,    54.0,    29.1,    68.2,    41.7,    53.8,    29.0,    68.0,    41.6,"(CONTRACTS OF JPY 12,500,000)","097741","CME ","097 ","F10","FutOnly"
"EURO FX - CHICAGO MERCANTILE EXCHANGE",220503,2022-05-03,099741,CME ,00,099 ,  694926,   52040,  281672,    1789,  380941,  190813,   30199,   76413,   96578,   17437,   41678,   12973,    6162,  606659,  637623,   88267,   57303,    6477,   12643,   -4564,    -399,  -13008,    4948,     332,      68,    9520,   -1875,    3023,    -120,    -505,     279,    7337,    6198,    -860,  100.0,    7.5,   40.5,    0.3,   54.8,   27.5,    4.3,   11.0,   13.9,    2.5,    6.0,    1.9,    0.9,   87.3,   91.8,   12.7,    8.2,    335,     22,     13,      7,    103,     44,     42,     55,     48,     34,     37,     13,      8,    245,    181,    14.7,    39.2,    23.6,    50.1,    13.5,    39.1,    21.6,    49.8,"(CONTRACTS OF EUR 125,000)","099741","CME ","099 ","F10","FutOnly"
"AUSTRALIAN DOLLAR - CHICAGO MERCANTILE EXCHANGE",220503,2022-05-03,232741,CME ,00,232 ,  152257,   38756,    6191,      55,   41183,   76244,    3215,   41597,   35160,    3824,    2297,     529,       0,  130927,  125218,   21330,   27039,    5167,    1643,  -10153,       7,   -4329,   13517,    2021,    3978,   -6076,    3197,     440,       0,       0,    6957,    2513,   -1790,    2654,  100.0,   25.5,    4.1,    0.0,   27.0,   50.1,    2.1,   27.3,   23.1,    2.5,    1.5,    0.3,    0.0,   86.0,   82.2,   14.0,   17.8,     99,      8,      5,.,     12,     19,      7,     27,     23,     10,      4,.,      0,     57,     60,    34.8,    44.9,    47.5,    54.2,    34.6,    44.4,    47.3,    53.7,"(CONTRACTS OF AUD 100,000)","232741","CME ","232 ","F10","FutOnly"
"EURO FX/BRITISH POUND XRATE - CHICAGO MERCANTILE EXCHANGE",220503,2022-05-03,299741,CME ,00,099 ,   30369,       0,    9278,       0,   13036,    6661,    3229,     913,    5117,     867,       0,       0,       0,   18045,   25152,   12324,    5217,    -488,       0,       1,       0,     -61,    -491,       0,     -10,     312,     123,       0,       0,       0,      52,     -55,    -540,    -433,  100.0,    0.0,   30.6,    0.0,   42.9,   21.9,   10.6,    3.0,   16.8,    2.9,    0.0,    0.0,    0.0,   59.4,   82.8,   40.6,   17.2,     33,      0,      5,      0,     15,      6,      7,.,      4,.,      0,      0,      0,     22,     20,    20.3,    50.1,    35.0,    64.5,    20.3,    49.6,    31.1,    62.5,"(CONTRACTS OF EUR 125,000)","299741","CME ","099 ","F10","FutOnly"
"EURO FX/JAPANESE YEN XRATE - CHICAGO MERCANTILE EXCHANGE",220503,2022-05-03,399741,CME ,00,099 ,   23490,    8538,    1663,       0,    5085,   10111,    1390,       0,    5478,       0,       0,     664,       0,   15013,   19306,    8477,    4184,     545,       0,     529,       0,     502,       7,       0,       0,     -76,       0,       0,      19,       0,     502,     479,      43,      66,  100.0,   36.3,    7.1,    0.0,   21.6,   43.0,    5.9,    0.0,   23.3,    0.0,    0.0,    2.8,    0.0,   63.9,   82.2,   36.1,   17.8,     23,.,.,      0,      5,     10,      5,      0,      4,      0,      0,.,      0,     11,     17,    53.5,    45.2,    61.9,    61.1,    53.5,    45.2,    58.0,    58.8,"(CONTRACTS OF EUR 125,000)","399741","CME ","099 ","F10","FutOnly"
"CHINESE RENMINBI-HK (CNH) - CHICAGO MERCANTILE EXCHANGE",220503,2022-05-03,082744,CME ,00,082 ,    8416,       0,       0,       0,       0,     200,       0,    2166,    7503,     445,    4246,       0,      17,    6874,    8165,    1542,     251,     -48,       0,       0,       0,       0,     -50,       0,    -156,      67,      46,     103,     -66,     -43,     -50,     -46,       2,      -2,  100.0,    0.0,    0.0,    0.0,    0.0,    2.4,    0.0,   25.7,   89.2,    5.3,   50.5,    0.0,    0.2,   81.7,   97.0,   18.3,    3.0,     21,      0,      0,      0,      0,.,      0,      4,      5,      4,     11,      0,.,     18,      8,    43.8,    89.5,    63.9,    97.0,    40.2,    88.4,    60.4,    91.5,"(CONTRACTS OF 100,000 USD)","082744","CME ","082 ","F15","FutOnly"
"MEXICAN PESO - CHICAGO MERCANTILE EXCHANGE",220503,2022-05-03,095741,CME ,00,095 ,  151933,     607,   81097,     682,   76552,    7049,    1601,   60347,   24194,    1024,    4175,   33270,     174,  145162,  149091,    6771,    2842,   -4833,    -330,   -8190,      29,   -6663,    3172,     378,      64,      37,      11,    1805,     349,      44,   -4662,   -4170,    -171,    -663,  100.0,    0.4,   53.4,    0.4,   50.4,    4.6,    1.1,   39.7,   15.9,    0.7,    2.7,   21.9,    0.1,   95.5,   98.1,    4.5,    1.9,    164,.,     10,.,     23,     15,      7,     52,     30,      5,     10,     21,.,     97,     82,    42.9,    46.9,    55.7,    69.7,    42.7,    46.9,    55.5,    69.7,"(CONTRACTS OF MXN 500,000)","095741","CME ","095 ","F15","FutOnly"
"BRAZILIAN REAL - CHICAGO MERCANTILE EXCHANGE",220503,2022-05-03,102741,CME ,00,102 ,   61549,     169,   44669,       0,   51657,    2506,      33,    5140,   10658,      26,    1246,    1962,       0,   58271,   59854,    3278,    1695,   -9955,      10,   -6854,   -3009,     857,    -162,      33,   -5228,    1883,   -1384,    -686,    -202,       0,   -9407,   -9695,    -548,    -260,  100.0,    0.3,   72.6,    0.0,   83.9,    4.1,    0.1,    8.4,   17.3,    0.0,    2.0,    3.2,    0.0,   94.7,   97.2,    5.3,    2.8,     65,.,      4,      0,     15,      5,.,     14,     12,.,      6,      8,      0,     37,     30,    77.5,    74.5,    84.1,    84.4,    77.5,    74.5,    84.1,    84.3,"(CONTRACTS OF BRL 100,000)","102741","CME ","102 ","F15","FutOnly"
"NZ DOLLAR - CHICAGO MERCANTILE EXCHANGE",220503,2022-05-03,112741,CME ,00,112 ,   50844,   26066,    3936,      28,    3971,   20760,      97,   17001,   18749,     380,     851,    1175,      27,   48421,   45152,    2423,    5692,    4334,    9034,     -92,      28,     163,    1258,    -121,   -4689,    2507,     101,      61,     162,    -148,    4429,    3695,     -95,     639,  100.0,   51.3,    7.7,    0.1,    7.8,   40.8,    0.2,   33.4,   36.9,    0.7,    1.7,    2.3,    0.1,   95.2,   88.8,    4.8,   11.2,    101,     11,.,.,      7,     24,      4,     21,     26,      6,.,      6,.,     49,     64,    48.4,    38.1,    64.3,    52.7,    48.4,    38.1,    64.3,    52.7,"(CONTRACTS OF NZD 100,000)","112741","CME ","112 ","F15","FutOnly"
"SO AFRICAN RAND - CHICAGO MERCANTILE EXCHANGE",220503,2022-05-03,122741,CME ,00,122 ,   21663,       0,   11709,      16,   18346,    1904,     213,    1282,    5249,     864,       0,       0,       0,   20721,   19955,     942,    1708,   -3657,       0,    -153,      16,   -3704,     672,     213,    -264,   -4530,     277,    -222,       0,       0,   -3684,   -3505,      27,    -152,  100.0,    0.0,   54.1,    0.1,   84.7,    8.8,    1.0,    5.9,   24.2,    4.0,    0.0,    0.0,    0.0,   95.7,   92.1,    4.3,    7.9,     29,      0,      4,.,      5,      4,.,      7,      9,.,      0,      0,      0,     15,     19,    84.7,    64.9,    91.5,    80.2,    83.4,    64.8,    88.7,    78.8,"(CONTRACTS OF ZAR 500,000)","122741","CME ","122 ","F15","FutOnly"
"DJIA Consolidated - CHICAGO BOARD OF TRADE",220503,2022-05-03,12460+,CBT ,00,124 ,   39724,   20219,   10262,     342,    2456,    6911,     835,    8472,    6283,     192,     852,    8611,       0,   33366,   33435,    6359,    6289,   -2508,     -93,     402,     -22,   -1033,   -1247,     497,    -267,    -989,    -358,    -713,     -93,       0,   -1987,   -1809,    -521,    -699,  100.0,   50.9,   25.8,    0.9,    6.2,   17.4,    2.1,   21.3,   15.8,    0.5,    2.1,   21.7,    0.0,   84.0,   84.2,   16.0,   15.8,     88,     14,     12,.,     10,     11,      5,     14,     21,      4,.,.,      0,     46,     54,    42.0,    37.2,    54.6,    50.1,    41.9,    37.2,    54.1,    50.1,"($10 X DJIA INDEX)","12460+","CBT ","124 ","F20","FutOnly"
"DJIA x $5 - CHICAGO BOARD OF TRADE",220503,2022-05-03,124603,CBT ,00,124 ,   79448,   40437,   20524,     683,    4912,   13822,    1670,   16943,   12566,     383,    1703,   17222,       0,   66731,   66870,   12717,   12578,   -5015,    -185,     804,     -43,   -2065,   -2493,     993,    -533,   -1977,    -715,   -1426,    -186,       0,   -3974,   -3617,   -1041,   -1398,  100.0,   50.9,   25.8,    0.9,    6.2,   17.4,    2.1,   21.3,   15.8,    0.5,    2.1,   21.7,    0.0,   84.0,   84.2,   16.0,   15.8,     88,     14,     12,.,     10,     11,      5,     14,     21,      4,.,.,      0,     46,     54,    42.0,    37.2,    54.6,    50.1,    41.9,    37.2,    54.1,    50.1,"($5 X DJIA INDEX)","124603","CBT ","124 ","F20","FutOnly"
"DOW JONES U.S. REAL ESTATE IDX - CHICAGO BOARD OF TRADE",220503,2022-05-03,124606,CBT ,00,124 ,   39035,   21249,   30119,       0,   10343,    4109,    1105,    2495,    2708,      13,       0,       0,       0,   35205,   38054,    3830,     981,   -1146,    2735,     -38,       0,   -2629,    1236,   -1848,     152,    -706,      13,       0,       0,       0,   -1577,   -1343,     431,     197,  100.0,   54.4,   77.2,    0.0,   26.5,   10.5,    2.8,    6.4,    6.9,    0.0,    0.0,    0.0,    0.0,   90.2,   97.5,    9.8,    2.5,     30,      5,      5,      0,     14,.,.,.,.,.,      0,      0,      0,     23,     11,    55.7,    86.3,    69.4,    96.2,    55.7,    84.7,    69.0,    94.6,"($100 X DJ US REAL ESTATE INDEX)","124606","CBT ","124 ","F20","FutOnly"
"S&P 500 Consolidated - CHICAGO MERCANTILE EXCHANGE",220503,2022-05-03,13874+,CME ,00,138 ,  441735,   44620,   65612,    7635,  191620,  118431,   59174,   52227,   68928,   10865,   26313,   63129,     277,  392731,  394049,   49003,   47685,    3396,   -1315,  -17056,    -110,    4559,    3354,    -863,    2358,   17714,    -489,     872,    3160,    -161,    4849,    5548,   -1454,   -2152,  100.0,   10.1,   14.9,    1.7,   43.4,   26.8,   13.4,   11.8,   15.6,    2.5,    6.0,   14.3,    0.1,   88.9,   89.2,   11.1,   10.8,    527,     36,     35,     25,    144,     98,    116,     72,     78,     54,     28,     36,      5,    368,    359,    14.2,    23.3,    19.9,    30.0,    11.9,    21.4,    17.0,    27.4,"(S&P 500 INDEX X $250.00)","13874+","CME ","138 ","F20","FutOnly"
"E-MINI S&P CONSU STAPLES INDEX - CHICAGO MERCANTILE EXCHANGE",220503,2022-05-03,138748,CME ,00,138 ,   18084,    1794,   15351,       0,   11948,     581,      99,    1201,     948,       0,       0,       0,       0,   15042,   16979,    3042,    1105,    2179,    -200,    2353,       0,    3609,    -100,       0,     312,       9,       0,       0,       0,       0,    3721,    2262,   -1542,     -83,  100.0,    9.9,   84.9,    0.0,   66.1,    3.2,    0.5,    6.6,    5.2,    0.0,    0.0,    0.0,    0.0,   83.2,   93.9,   16.8,    6.1,     25,.,     10,      0,      7,.,.,.,.,      0,      0,      0,      0,     10,     16,    48.4,    62.7,    78.4,    81.2,    48.4,    62.7,    78.4,    81.2,"($100 x S&P Select Sector Consumer Staples Index price)","138748","CME ","138 ","F20","FutOnly"
"E-MINI S&P ENERGY INDEX - CHICAGO MERCANTILE EXCHANGE",220503,2022-05-03,138749,CME ,00,138 ,   43957,   10752,   39451,       0,   19592,    1881,       0,    6995,    1330,       0,       0,       0,       0,   37339,   42662,    6618,    1295,    4129,       0,    2644,       0,    1685,     903,       0,     493,    1087,       0,       0,       0,       0,    2178,    4634,    1951,    -505,  100.0,   24.5,   89.7,    0.0,   44.6,    4.3,    0.0,   15.9,    3.0,    0.0,    0.0,    0.0,    0.0,   84.9,   97.1,   15.1,    2.9,     37,.,     10,      0,     15,.,      0,      7,.,      0,      0,      0,      0,     24,     13,    51.3,    71.1,    66.3,    87.9,    51.3,    71.1,    66.3,    87.9,"($100 x S&P Select Sector Energy Index price)","138749","CME ","138 ","F20","FutOnly"
"E-MINI S&P 500 - CHICAGO MERCANTILE EXCHANGE",220503,2022-05-03,13874A,CME ,00,138 , 2208674,  223101,  328059,   38177,  958101,  592155,  295868,  261137,  344638,   54324,  131566,  315643,    1383, 1963657, 1970247,  245017,  238427,   16978,   -6577,  -85280,    -552,   22793,   16769,   -4313,   11788,   88569,   -2446,    4360,   15798,    -806,   24247,   27739,   -7269,  -10761,  100.0,   10.1,   14.9,    1.7,   43.4,   26.8,   13.4,   11.8,   15.6,    2.5,    6.0,   14.3,    0.1,   88.9,   89.2,   11.1,   10.8,    527,     36,     35,     25,    144,     98,    116,     72,     78,     54,     28,     36,      5,    368,    359,    14.2,    23.3,    19.9,    30.0,    11.9,    21.4,    17.0,    27.4,"($50 X S&P 500 INDEX)","13874A","CME ","138 ","F20","FutOnly"
"E-MINI S&P FINANCIAL INDEX - CHICAGO MERCANTILE EXCHANGE",220503,2022-05-03,13874C,CME ,00,138 ,   28430,   20591,   23403,       0,    4869,    1720,       0,     612,    2227,       0,       0,       0,       0,   26072,   27350,    2358,    1080,     965,     999,     824,       0,     237,     805,    -330,     119,    -642,       0,       0,       0,       0,    1025,     657,     -60,     308,  100.0,   72.4,   82.3,    0.0,   17.1,    6.0,    0.0,    2.2,    7.8,    0.0,    0.0,    0.0,    0.0,   91.7,   96.2,    8.3,    3.8,     27,      6,      6,      0,      7,.,      0,.,      4,      0,      0,      0,      0,     15,     12,    73.3,    75.1,    85.5,    91.1,    73.3,    75.1,    85.5,    91.1,"($250 x S&P Select Sector Financial Index price)","13874C","CME ","138 ","F20","FutOnly"
"E-MINI S&P HEALTH CARE INDEX - CHICAGO MERCANTILE EXCHANGE",220503,2022-05-03,13874E,CME ,00,138 ,   20829,    1393,   19890,       0,   13643,       0,       0,    1946,       0,       0,       0,       0,       0,   16982,   19890,    3847,     939,    -420,       0,    -536,       0,     126,       0,       0,    -498,       0,       0,       0,       0,       0,    -372,    -536,     -48,     116,  100.0,    6.7,   95.5,    0.0,   65.5,    0.0,    0.0,    9.3,    0.0,    0.0,    0.0,    0.0,    0.0,   81.5,   95.5,   18.5,    4.5,     23,.,      9,      0,      9,      0,      0,.,      0,      0,      0,      0,      0,     14,      9,    54.7,    70.1,    71.6,    93.8,    54.7,    70.1,    71.6,    93.8,"($100 x S&P Select Sector Health Care Index price)","13874E","CME ","138 ","F20","FutOnly"
"E-MINI S&P UTILITIES INDEX - CHICAGO MERCANTILE EXCHANGE",220503,2022-05-03,13874J,CME ,00,138 ,   19159,    3309,   14826,       0,    9975,     950,    1069,    1609,    1565,       0,       0,       0,       0,   15962,   18410,    3197,     749,     843,     938,      -3,       0,    -101,     950,       7,       0,      92,       0,       0,       0,       0,     844,    1046,      -1,    -203,  100.0,   17.3,   77.4,    0.0,   52.1,    5.0,    5.6,    8.4,    8.2,    0.0,    0.0,    0.0,    0.0,   83.3,   96.1,   16.7,    3.9,     28,      5,      8,      0,      8,.,.,.,      4,      0,      0,      0,      0,     15,     14,    46.6,    63.2,    70.3,    82.6,    42.2,    63.2,    64.7,    81.3,"($100 x S&P Select Sector Utilities Index price)","13874J","CME ","138 ","F20","FutOnly"
"MICRO E-MINI S&P 500 INDEX - CHICAGO MERCANTILE EXCHANGE",220503,2022-05-03,13874U,CME ,00,138 ,  195442,   14868,   10366,       0,   20270,       5,     185,   14418,  150128,    5990,    6229,       0,       0,   61960,  166674,  133482,   28768,   53931,   -3643,    1150,       0,    -911,       0,       1,    4352,   53981,   -1685,    1333,       0,       0,    -553,   53447,   54484,     484,  100.0,    7.6,    5.3,    0.0,   10.4,    0.0,    0.1,    7.4,   76.8,    3.1,    3.2,    0.0,    0.0,   31.7,   85.3,   68.3,   14.7,     22,.,.,      0,      8,.,.,.,      8,      5,.,      0,      0,     17,     12,    19.1,    76.8,    28.0,    85.1,    19.1,    73.9,    26.0,    82.1,"($5 X S&P 500 INDEX)","13874U","CME ","138 ","F20","FutOnly"
"ADJUSTED INT RATE S&P 500 TOTL - CHICAGO MERCANTILE EXCHANGE",220503,2022-05-03,13874W,CME ,00,138 ,  215110,   54988,   65492,  104658,       0,       0,       0,   15149,    4342,   38788,       0,       0,       0,  213583,  213280,    1527,    1830,    5346,    -105,    -105,    3950,       0,       0,       0,       0,       0,    1501,       0,       0,       0,    5346,    5346,       0,       0,  100.0,   25.6,   30.4,   48.7,    0.0,    0.0,    0.0,    7.0,    2.0,   18.0,    0.0,    0.0,    0.0,   99.3,   99.1,    0.7,    0.9,     20,      6,      7,      9,      0,      0,      0,.,.,      6,      0,      0,      0,     17,     18,    62.0,    61.8,    85.7,    86.2,    28.4,    27.1,    32.6,    32.3,"(S&P 500 TOTAL RETURN INDEX x $25)","13874W","CME ","138 ","F20","FutOnly"
"NASDAQ-100 Consolidated - CHICAGO MERCANTILE EXCHANGE",220503,2022-05-03,20974+,CME ,00,209 ,   45344,    9319,    9598,     188,   14406,    9624,    1620,    9949,   10964,     857,    2558,    4101,      11,   38909,   36964,    6435,    8380,   -2051,   -1248,     372,     -31,      34,    -155,    -271,     241,   -1015,      20,     219,    -678,     -28,   -1063,   -1786,    -988,    -265,  100.0,   20.6,   21.2,    0.4,   31.8,   21.2,    3.6,   21.9,   24.2,    1.9,    5.6,    9.0,    0.0,   85.8,   81.5,   14.2,   18.5,    285,     32,     19,     11,     52,     43,     29,     36,     60,     27,     20,     23,.,    172,    182,    20.9,    26.5,    31.5,    36.0,    20.5,    26.5,    30.8,    35.9,"(NASDAQ 100 INDEX X $100)","20974+","CME ","209 ","F20","FutOnly"
"NASDAQ MINI - CHICAGO MERCANTILE EXCHANGE",220503,2022-05-03,209742,CME ,00,209 ,  226722,   46593,   47988,     941,   72031,   48121,    8102,   49744,   54819,    4287,   12791,   20506,      57,  194546,  184821,   32176,   41901,  -10255,   -6239,    1862,    -156,     171,    -775,   -1356,    1207,   -5077,     101,    1096,   -3388,    -141,   -5317,   -8930,   -4938,   -1325,  100.0,   20.6,   21.2,    0.4,   31.8,   21.2,    3.6,   21.9,   24.2,    1.9,    5.6,    9.0,    0.0,   85.8,   81.5,   14.2,   18.5,    285,     32,     19,     11,     52,     43,     29,     36,     60,     27,     20,     23,.,    172,    182,    20.9,    26.5,    31.5,    36.0,    20.5,    26.5,    30.8,    35.9,"(NASDAQ 100 STOCK INDEX X $20)","209742","CME ","209 ","F20","FutOnly"
"MICRO E-MINI NASDAQ-100 INDEX - CHICAGO MERCANTILE EXCHANGE",220503,2022-05-03,209747,CME ,00,209 ,   93410,    2842,    1139,       0,     838,     522,       0,   27872,   66146,    2793,    6340,    2628,       0,   40685,   73228,   52725,   20182,   -5234,    1661,     -41,       0,    -393,      49,       0,    9702,   -8877,     557,     184,    1503,     -10,   11701,   -6819,  -16935,    1585,  100.0,    3.0,    1.2,    0.0,    0.9,    0.6,    0.0,   29.8,   70.8,    3.0,    6.8,    2.8,    0.0,   43.6,   78.4,   56.4,   21.6,     38,      5,.,      0,.,.,      0,      7,     12,      6,      7,.,      0,     24,     20,    34.6,    69.2,    38.9,    74.1,    32.5,    68.5,    36.1,    72.2,"(NASDAQ 100 STOCK INDEX x $2)","209747","CME ","209 ","F20","FutOnly"
"RUSSELL E-MINI - CHICAGO MERCANTILE EXCHANGE",220503,2022-05-03,239742,CME ,00,239 ,  494389,  202891,   10618,    2102,  146537,  241879,   53272,   46167,  114449,    5053,   16823,   42852,     146,  472991,  470371,   21398,   24018,    9249,   22956,     -64,    -262,  -26295,   11799,    1298,    4265,    -589,     281,    8115,    -553,   -1754,    8604,   10156,     645,    -907,  100.0,   41.0,    2.1,    0.4,   29.6,   48.9,   10.8,    9.3,   23.1,    1.0,    3.4,    8.7,    0.0,   95.7,   95.1,    4.3,    4.9,    345,     34,     10,      5,     74,     77,     50,     40,     77,     25,     10,     23,      4,    204,    225,    27.3,    23.9,    38.3,    35.3,    27.2,    23.5,    37.4,    32.2,"(RUSSEL 2000 INDEX X $50)","239742","CME ","239 ","F20","FutOnly"
"EMINI RUSSELL 1000 VALUE INDEX - CHICAGO MERCANTILE EXCHANGE",220503,2022-05-03,239744,CME ,00,239 ,   28398,    6529,   26964,       0,   17186,     423,       0,    2650,     321,       0,       0,       0,       0,   26365,   27708,    2033,     690,    -151,       0,    -290,       0,    -286,       8,       0,    -178,     -25,       0,       0,       0,       0,    -464,    -307,     313,     156,  100.0,   23.0,   95.0,    0.0,   60.5,    1.5,    0.0,    9.3,    1.1,    0.0,    0.0,    0.0,    0.0,   92.8,   97.6,    7.2,    2.4,     26,.,      6,      0,     12,.,      0,      4,.,      0,      0,      0,      0,     18,      8,    56.1,    85.2,    76.0,    97.6,    56.1,    85.2,    76.0,    97.6,"(RUSSELL 1000 VALUE INDEX x $50)","239744","CME ","239 ","F20","FutOnly"
"NIKKEI STOCK AVERAGE YEN DENOM - CHICAGO MERCANTILE EXCHANGE",220503,2022-05-03,240743,CME ,00,240 ,   39065,    3939,    3175,     635,   19844,    3957,    2231,    1464,    5406,       0,    5439,    1251,       0,   33552,   16655,    5513,   22410,   -2568,    -424,     842,     226,    1270,     -19,       0,   -4188,    1638,     -12,     565,   -1166,       0,   -2563,    1509,      -5,   -4077,  100.0,   10.1,    8.1,    1.6,   50.8,   10.1,    5.7,    3.7,   13.8,    0.0,   13.9,    3.2,    0.0,   85.9,   42.6,   14.1,   57.4,     53,      8,      7,.,     13,      5,      6,.,     12,      0,.,.,      0,     29,     32,    52.4,    16.5,    63.8,    24.9,    48.2,    14.1,    59.1,    21.3,"(NIKKEI INDEX X JPY 500)","240743","CME ","240 ","F20","FutOnly"
"MSCI EAFE  - ICE FUTURES U.S.",220503,2022-05-03,244041,ICUS,01,244 ,  411029,   31361,  193842,    3298,  277441,  112247,   54526,   17719,   20378,    2002,   14740,   17807,      25,  401112,  404125,    9917,    6904,  -13278,     688,    2957,     599,  -11828,    2611,   -2545,    2388,   -6726,    -171,    -534,   -4069,      -5,  -11408,   -7349,   -1870,   -5929,  100.0,    7.6,   47.2,    0.8,   67.5,   27.3,   13.3,    4.3,    5.0,    0.5,    3.6,    4.3,    0.0,   97.6,   98.3,    2.4,    1.7,    204,     13,     13,      6,     77,     50,     43,     17,     20,      8,      6,      8,.,    145,    117,    31.4,    28.1,    45.3,    45.8,    28.6,    27.8,    41.3,    45.2,"(MSCI EAFE INDEX X $50)","244041","ICUS","244 ","F20","FutOnly"
"MSCI EM INDEX - ICE FUTURES U.S.",220503,2022-05-03,244042,ICUS,01,244 , 1196881,  106459,  504274,    9489,  708033,  381755,  149719,  120698,   90591,    7749,   67452,   27412,     879, 1170478, 1171868,   26403,   25013,   20936,      45,   -9855,    4624,  -37651,   25929,   16571,   28847,   -5928,     -67,    5717,   -4235,    -562,   17524,   26477,    3412,   -5541,  100.0,    8.9,   42.1,    0.8,   59.2,   31.9,   12.5,   10.1,    7.6,    0.6,    5.6,    2.3,    0.1,   97.8,   97.9,    2.2,    2.1,    418,     28,     17,     10,    139,     99,     92,     51,     45,     29,     22,     17,      5,    308,    246,    21.3,    33.0,    30.3,    45.7,    19.6,    32.9,    27.5,    42.7,"(MSCI Emerging Markets Index x $50)","244042","ICUS","244 ","F20","FutOnly"
"E-MINI S&P 400 STOCK INDEX - CHICAGO MERCANTILE EXCHANGE",220503,2022-05-03,33874A,CME ,00,138 ,   54426,   27450,    2776,     173,   15365,   40000,    2629,    1420,    3646,       3,     597,       0,       0,   47637,   49227,    6789,    5199,    3243,    6023,     -74,     -32,   -2334,    1819,     198,    -749,    1665,    -210,     213,       0,       0,    3109,    3366,     134,    -123,  100.0,   50.4,    5.1,    0.3,   28.2,   73.5,    4.8,    2.6,    6.7,    0.0,    1.1,    0.0,    0.0,   87.5,   90.4,   12.5,    9.6,     64,      7,.,.,     20,     24,     10,      4,      5,.,.,      0,      0,     40,     36,    53.0,    44.0,    63.6,    60.1,    52.9,    43.6,    63.5,    59.4,"(S&P 400 INDEX X $100)","33874A","CME ","138 ","F20","FutOnly"
"S&P 500 ANNUAL DIVIDEND INDEX - CHICAGO MERCANTILE EXCHANGE",220503,2022-05-03,43874A,CME ,00,438 ,  215217,    5776,  154753,   35198,   18005,       0,    1563,  136732,    1571,   14964,    2332,    6517,     140,  214710,  214706,     507,     511,    -916,    1974,    1197,   -2690,    -394,       0,     185,    1889,      85,     -64,      85,       0,       0,     985,   -1287,   -1901,     371,  100.0,    2.7,   71.9,   16.4,    8.4,    0.0,    0.7,   63.5,    0.7,    7.0,    1.1,    3.0,    0.1,   99.8,   99.8,    0.2,    0.2,     89,      8,     23,     15,     11,      0,.,     30,      4,      7,     10,.,.,     71,     44,    37.1,    55.1,    58.0,    78.5,    35.4,    48.7,    48.8,    69.5,"(S&P 500 ANNUAL DIVIDEND INDEX X $250)","43874A","CME ","438 ","F20","FutOnly"
"UST BOND - CHICAGO BOARD OF TRADE",220503,2022-05-03,020601,CBT ,00,020 , 1187151,   11460,  146605,     816,  581650,  284028,  196640,  125636,  297893,   28847,   86495,   58136,      63, 1031607, 1013028,  155544,  174123,   38694,    1496,   18395,     -19,   15992,   -7518,   -3686,   10542,   15542,   16091,    4036,    5456,      63,   44515,   44324,   -5821,   -5630,  100.0,    1.0,   12.3,    0.1,   49.0,   23.9,   16.6,   10.6,   25.1,    2.4,    7.3,    4.9,    0.0,   86.9,   85.3,   13.1,   14.7,    187,      7,     20,      5,     60,     35,     59,     22,     30,     18,      5,      8,.,    126,    144,    22.8,    29.6,    35.9,    41.3,    18.9,    26.4,    30.2,    34.3,"(CONTRACTS OF $100,000 FACE VALUE)","020601","CBT ","020 ","F30","FutOnly"
"ULTRA UST BOND - CHICAGO BOARD OF TRADE",220503,2022-05-03,020604,CBT ,00,020 , 1277130,   33240,   57006,    6977,  727140,  200111,  224219,   54524,  644595,    7367,   74719,    8285,       0, 1128186, 1148560,  148944,  128570,   -9690,    2425,    2117,     353,    1996,   12756,   -3286,   -2897,  -34528,     625,   -4178,    1793,       0,   -4962,  -20170,   -4728,   10480,  100.0,    2.6,    4.5,    0.5,   56.9,   15.7,   17.6,    4.3,   50.5,    0.6,    5.9,    0.6,    0.0,   88.3,   89.9,   11.7,   10.1,    148,      6,      9,.,     71,     26,     60,      4,     23,     10,      6,.,      0,    111,    109,    20.0,    30.0,    35.6,    48.7,    17.6,    30.0,    31.4,    45.5,"(CONTRACTS OF $100,000 FACE VALUE)","020604","CBT ","020 ","F30","FutOnly"
"UST 2Y NOTE - CHICAGO BOARD OF TRADE",220503,2022-05-03,042601,CBT ,00,042 , 2232148,   97926,  204888,   14346,  881785,  441518,  429973,  503926,  478788,  114500,   49431,  291300,    6528, 2098415, 1981841,  133733,  250307,   19945,   -8604,    9272,    1299,    7739,    -816,   19824,   -5105,  -18586,   -4265,    9454,   -8695,    1850,   22192,    -117,   -2247,   20062,  100.0,    4.4,    9.2,    0.6,   39.5,   19.8,   19.3,   22.6,   21.4,    5.1,    2.2,   13.1,    0.3,   94.0,   88.8,    6.0,   11.2,    371,     20,     43,      7,     91,     59,     82,     36,     65,     26,     13,     44,      4,    204,    286,    25.5,    17.0,    36.2,    24.5,    20.4,    11.8,    27.0,    17.2,"(CONTRACTS OF $200,000 FACE VALUE)","042601","CBT ","042 ","F30","FutOnly"
"UST 10Y NOTE - CHICAGO BOARD OF TRADE",220503,2022-05-03,043602,CBT ,00,043 , 3680764,   83031,  315894,    6640, 1664801, 1267737,  718787,  603178,  373917,   88655,  176933,  404588,   12870, 3354895, 3189088,  325869,  491676,   33139,    2681,   44728,   -6679,  106212,   -4829,    7549,  -58242,    4637,  -10615,    3100,   16925,   -2374,   41632,   49342,   -8493,  -16203,  100.0,    2.3,    8.6,    0.2,   45.2,   34.4,   19.5,   16.4,   10.2,    2.4,    4.8,   11.0,    0.3,   91.1,   86.6,    8.9,   13.4,    399,     21,     35,     11,    100,     85,    104,     47,     66,     49,     20,     25,      8,    281,    290,    22.8,    25.6,    32.2,    31.2,    16.0,    19.4,    24.6,    24.7,"(CONTRACTS OF $100,000 FACE VALUE)","043602","CBT ","043 ","F30","FutOnly"
"ULTRA UST 10Y - CHICAGO BOARD OF TRADE",220503,2022-05-03,043607,CBT ,00,043 , 1272865,   82646,   22248,    1362,  494715,  527601,  224617,  155097,  152658,   38243,  138574,   53934,     714, 1135968, 1021377,  136897,  251488,   -6860,    4619,   -6578,    -307,    6180,    -159,    3651,  -26344,    7476,   -4013,    1153,    1682,    -147,  -15208,    1605,    8348,   -8465,  100.0,    6.5,    1.7,    0.1,   38.9,   41.4,   17.6,   12.2,   12.0,    3.0,   10.9,    4.2,    0.1,   89.2,   80.2,   10.8,   19.8,    148,      7,      5,.,     30,     57,     59,     11,     18,     12,     10,     10,.,    106,    118,    30.4,    17.0,    45.2,    28.3,    30.3,    13.6,    42.2,    22.2,"(CONTRACTS OF $100,000 FACE VALUE)","043607","CBT ","043 ","F30","FutOnly"
"UST 5Y NOTE - CHICAGO BOARD OF TRADE",220503,2022-05-03,044601,CBT ,00,044 , 3818836,   69205,  347422,   17877, 1815381,  771085,  819235,  298473,  998978,  160578,  374961,  249751,     162, 3555872, 3365088,  262964,  453748,   23612,  -14258,   -5079,     425,    1563,  -57644,   15069,    6229,   85446,    7673,    1720,  -11197,     -38,   18383,   34655,    5229,  -11043,  100.0,    1.8,    9.1,    0.5,   47.5,   20.2,   21.5,    7.8,   26.2,    4.2,    9.8,    6.5,    0.0,   93.1,   88.1,    6.9,   11.9,    348,     15,     39,      7,     84,     76,     93,     30,     65,     35,     20,     19,.,    220,    264,    33.7,    20.3,    43.5,    28.4,    28.2,    16.0,    34.9,    22.8,"(CONTRACTS OF $100,000 FACE VALUE)","044601","CBT ","044 ","F30","FutOnly"
"FED FUNDS - CHICAGO BOARD OF TRADE",220503,2022-05-03,045601,CBT ,00,045 , 1662069,  325320,  353405,  711737,       0,    5910,   16242,  128684,  122558,  400614,   44120,   10972,    2628, 1629345, 1624066,   32724,   38003, -467137,   26447,  -96868, -117579,   -2792, -113672,   -6158, -295391,  -56184,  -69197,   -4025,    -464,    -560, -469255, -460682,    2118,   -6455,  100.0,   19.6,   21.3,   42.8,    0.0,    0.4,    1.0,    7.7,    7.4,   24.1,    2.7,    0.7,    0.2,   98.0,   97.7,    2.0,    2.3,    117,     24,     32,     53,      0,.,.,     23,     25,     41,      6,      4,.,    106,    109,    32.2,    33.9,    50.9,    49.1,    17.4,    15.2,    23.1,    19.7,"(CONTRACTS OF $5,000,000)","045601","CBT ","045 ","F33","FutOnly"
"EURODOLLARS-3M - CHICAGO MERCANTILE EXCHANGE",220503,2022-05-03,132741,CME ,00,132 ,10548844, 3978820, 1006488, 1545086,  798368,  482403,  378833,  485600, 3207558, 2701876,   21951,  169295,  217443,10127977, 9708982,  420867,  839862,  -35621,  -70450,   51588,    2028,   -8943,  -76695,    -548,    3121,  -42326,   58962,     -89,   16798,   -1516,  -17435,    8291,  -18186,  -43912,  100.0,   37.7,    9.5,   14.6,    7.6,    4.6,    3.6,    4.6,   30.4,   25.6,    0.2,    1.6,    2.1,   96.0,   92.0,    4.0,    8.0,    208,     28,     33,     54,     11,     18,     20,     30,     64,     74,      4,     15,      8,    163,    201,    28.1,    19.4,    42.3,    31.8,    26.4,    13.7,    35.0,    21.6,"(CONTRACTS OF $1,000,000)","132741","CME ","132 ","F33","FutOnly"
"SOFR-3M - CHICAGO MERCANTILE EXCHANGE",220503,2022-05-03,134741,CME ,00,134 , 4801008, 1781207, 1218078, 1319387,   34076,  313295,   88800,  474496,  788420, 1009254,   58618,   29667,   25080, 4790918, 4791981,   10090,    9027,  176513,  148709,   22473,   56699,     -24,   21607,   -9809,  -39549,   69314,   15791,    7374,    1836,   -1507,  177684,  176404,   -1171,     109,  100.0,   37.1,   25.4,   27.5,    0.7,    6.5,    1.8,    9.9,   16.4,   21.0,    1.2,    0.6,    0.5,   99.8,   99.8,    0.2,    0.2,    323,     51,     66,     86,      8,     22,     12,     50,     59,     78,     23,     31,     22,    248,    273,    33.9,    29.1,    44.8,    45.8,    27.8,    20.9,    33.7,    31.1,"($2,500 x Contract IMM Index)","134741","CME ","134 ","F33","FutOnly"
"SOFR-1M - CHICAGO MERCANTILE EXCHANGE",220503,2022-05-03,134742,CME ,00,134 ,  369955,  120179,  130241,  111418,    2210,    5039,    7072,   51386,   36218,   71406,    4125,    6241,     918,  368714,  368553,    1241,    1402,  -74072,  -18056,  -50733,   -4781,    1149,   -7225,    -237,  -45427,   -2642,   -7118,    -200,   -1187,    -160,  -74830,  -74083,     758,      11,  100.0,   32.5,   35.2,   30.1,    0.6,    1.4,    1.9,   13.9,    9.8,   19.3,    1.1,    1.7,    0.2,   99.7,   99.6,    0.3,    0.4,    122,     17,     43,     34,.,.,.,     22,     28,     32,.,      4,.,     87,    105,    31.7,    34.0,    52.1,    48.1,    22.7,    20.9,    32.8,    28.1,"($4,167 x Contract IMM Index)","134742","CME ","134 ","F33","FutOnly"
"2 YEAR ERIS SWAP - CHICAGO BOARD OF TRADE",220503,2022-05-03,342601,CBT ,00,342 ,  151343,   13735,   32013,    3908,       0,       0,       0,   49588,   55344,   39473,   40805,   16756,    3834,  151343,  151328,       0,      15,   -2275,   -3300,     967,     198,       0,       0,       0,    1794,      24,    -967,    3230,     718,   -3230,   -2275,   -2290,       0,      15,  100.0,    9.1,   21.2,    2.6,    0.0,    0.0,    0.0,   32.8,   36.6,   26.1,   27.0,   11.1,    2.5,  100.0,  100.0,    0.0,    0.0,     21,.,.,.,      0,      0,      0,.,      4,.,.,     10,.,      5,     20,    97.5,    79.5,   100.0,    92.7,    66.3,    61.4,    68.8,    67.8,"100,000 USD notional principal","342601","CBT ","342 ","F50","FutOnly"
"BITCOIN - CHICAGO MERCANTILE EXCHANGE",220503,2022-05-03,133741,CME ,00,133 ,   10051,     353,     722,     138,    5831,     658,       0,    1496,    6834,     498,     739,     246,     129,    9184,    9225,     867,     826,    -658,     -11,    -150,      80,    -316,     135,       0,    -218,      22,    -220,      85,    -440,      17,    -583,    -556,     -75,    -102,  100.0,    3.5,    7.2,    1.4,   58.0,    6.5,    0.0,   14.9,   68.0,    5.0,    7.4,    2.4,    1.3,   91.4,   91.8,    8.6,    8.2,     81,      4,      4,.,      6,      5,      0,     15,     37,      9,      5,      4,.,     34,     59,    64.8,    30.2,    72.4,    47.0,    63.6,    30.2,    71.2,    47.0,"(5 Bitcoins)","133741","CME ","133 ","F85","FutOnly"
"MICRO BITCOIN - CHICAGO MERCANTILE EXCHANGE",220503,2022-05-03,133742,CME ,00,133 ,   10914,    1359,       0,       0,     289,     323,       0,    1723,    6168,     288,    3152,    1342,    1156,    7967,    9277,    2947,    1637,   -9926,   -1353,   -1012,      -3,      77,     104,       0,   -5537,  -10284,     138,   -3781,    -238,    1149,   -9310,  -10146,    -616,     220,  100.0,   12.5,    0.0,    0.0,    2.6,    3.0,    0.0,   15.8,   56.5,    2.6,   28.9,   12.3,   10.6,   73.0,   85.0,   27.0,   15.0,     98,      4,      0,      0,      4,.,      0,     10,     14,.,     41,     23,.,     61,     42,    33.9,    52.8,    45.2,    67.6,    23.5,    46.1,    33.8,    56.5,"(Bitcoin X $0.10)","133742","CME ","133 ","F85","FutOnly"
"ETHER CASH SETTLED - CHICAGO MERCANTILE EXCHANGE",220503,2022-05-03,146021,CME ,00,146 ,    2981,     103,      86,      45,       0,     128,      18,     888,    2161,      82,    1051,      37,      22,    2209,    2579,     772,     402,    -764,     -38,     -20,     -28,       0,       2,       0,    -347,    -455,    -233,    -183,     -73,      -6,    -835,    -813,      71,      49,  100.0,    3.5,    2.9,    1.5,    0.0,    4.3,    0.6,   29.8,   72.5,    2.8,   35.3,    1.2,    0.7,   74.1,   86.5,   25.9,   13.5,     38,.,.,.,      0,.,.,      8,     16,.,      6,.,.,     18,     26,    40.8,    43.3,    56.5,    61.2,    39.7,    43.3,    55.4,    61.2,"(50 Index Points)","146021","CME ","146 ","F85","FutOnly"
"MICRO ETHER  - CHICAGO MERCANTILE EXCHANGE",220503,2022-05-03,146022,CME ,00,146 ,   38453,       0,    9206,       0,       0,       0,       0,   28123,   22652,       8,    8565,    5577,     427,   37123,   37870,    1330,     583,   -6904,    -124,  -16729,       0,       0,       0,       0,   -1058,   12970,   -4199,   -1834,     295,     412,   -6803,   -7251,    -101,     347,  100.0,    0.0,   23.9,    0.0,    0.0,    0.0,    0.0,   73.1,   58.9,    0.0,   22.3,   14.5,    1.1,   96.5,   98.5,    3.5,    1.5,     87,      0,.,      0,      0,      0,      0,      4,      8,.,     59,     15,.,     64,     26,    77.4,    80.5,    82.4,    93.4,    77.4,    80.5,    82.2,    92.3,"(0.1 Index Points)","146022","CME ","146 ","F85","FutOnly"
"USD INDEX - ICE FUTURES U.S.",220503,2022-05-03,098662,ICUS,01,098 ,   54092,     661,   27544,       0,   25933,     685,     485,   15650,   20073,     497,    5428,    1983,     142,   48796,   51409,    5296,    2683,   -2620,     -70,     365,       0,    -827,    -207,     -15,   -1029,   -3654,     209,   -1411,      75,      43,   -3100,   -3184,     480,     564,  100.0,    1.2,   50.9,    0.0,   47.9,    1.3,    0.9,   28.9,   37.1,    0.9,   10.0,    3.7,    0.3,   90.2,   95.0,    9.8,    5.0,    119,.,.,      0,     19,.,.,     34,     19,      6,     26,     15,.,     84,     47,    45.4,    77.9,    58.6,    84.9,    44.3,    77.8,    57.4,    84.9,"(U.S. DOLLAR INDEX X $1000)","098662","ICUS","098 ","F90","FutOnly"
"VIX FUTURES - CBOE FUTURES EXCHANGE",220503,2022-05-03,1170E1,E   ,00,117 ,  320512,   35759,   23323,   18689,   90526,   36829,   32727,   34249,   99745,   65217,   13576,    6268,    6043,  296786,  288841,   23726,   31671,   14736,    -878,    5468,    2498,      70,  -14461,    2105,   -2285,    5904,   10943,     296,     533,    -285,   12464,   12705,    2272,    2031,  100.0,   11.2,    7.3,    5.8,   28.2,   11.5,   10.2,   10.7,   31.1,   20.3,    4.2,    2.0,    1.9,   92.6,   90.1,    7.4,    9.9,    164,     13,     17,     19,     22,     22,     23,     26,     40,     41,      6,     10,     10,    124,    133,    32.7,    20.6,    42.8,    33.7,    25.4,    13.8,    32.3,    23.1,"($1000 X INDEX)","1170E1","E   ","117 ","F90","FutOnly"
"BBG COMMODITY - CHICAGO BOARD OF TRADE",220503,2022-05-03,221602,CBT ,00,221 ,   35140,    1136,   17384,      95,   27636,    1016,    1165,    1033,   12460,       0,    3318,    2952,      14,   34397,   35086,     743,      54,    3112,     -45,     -47,      47,    2926,       0,       0,     -43,    3107,       0,     250,       7,       0,    3135,    3114,     -23,      -2,  100.0,    3.2,   49.5,    0.3,   78.6,    2.9,    3.3,    2.9,   35.5,    0.0,    9.4,    8.4,    0.0,   97.9,   99.8,    2.1,    0.2,     46,.,.,.,     16,.,.,      5,      7,      0,      9,.,.,     36,     14,    60.3,    67.6,    80.3,    92.7,    60.3,    67.6,    77.7,    92.0,"($100 X INDEX)","221602","CBT ","221 ","F90","FutOnly"